{
  "version": 1,
  "author": "Jose Augusto Orsili",
  "editor": "wokwi",
  "parts": [
    { "type": "wokwi-esp32-devkit-v1", "id": "esp", "top": -62.6, "left": -264.24, "attrs": {} },
    {
      "type": "wokwi-neopixel",
      "id": "rgb1",
      "top": 32.16,
      "left": 39.02,
      "rotate": 180,
      "attrs": {}
    },
    {
      "type": "wokwi-neopixel",
      "id": "rgb2",
      "top": 32.16,
      "left": 68.53,
      "rotate": 180,
      "attrs": {}
    },
    {
      "type": "wokwi-neopixel",
      "id": "rgb3",
      "top": 31.41,
      "left": 98.14,
      "rotate": 180,
      "attrs": {}
    },
    {
      "type": "wokwi-neopixel",
      "id": "rgb4",
      "top": 8.24,
      "left": 116.87,
      "rotate": 90,
      "attrs": {}
    },
    {
      "type": "wokwi-neopixel",
      "id": "rgb5",
      "top": -22.82,
      "left": 117.14,
      "rotate": 90,
      "attrs": {}
    },
    {
      "type": "wokwi-neopixel",
      "id": "rgb6",
      "top": -54.16,
      "left": 117.14,
      "rotate": 90,
      "attrs": {}
    },
    { "type": "wokwi-neopixel", "id": "rgb7", "top": -74.97, "left": 97, "attrs": {} },
    { "type": "wokwi-neopixel", "id": "rgb8", "top": -74.75, "left": 69.51, "attrs": {} },
    { "type": "wokwi-neopixel", "id": "rgb9", "top": -75.5, "left": 42.2, "attrs": {} },
    {
      "type": "wokwi-neopixel",
      "id": "rgb10",
      "top": -51.17,
      "left": 21.43,
      "rotate": 270,
      "attrs": {}
    },
    {
      "type": "wokwi-neopixel",
      "id": "rgb11",
      "top": -20.66,
      "left": 20.58,
      "rotate": 270,
      "attrs": {}
    },
    {
      "type": "wokwi-neopixel",
      "id": "rgb12",
      "top": 11.46,
      "left": 21.33,
      "rotate": 270,
      "attrs": {}
    },
    {
      "type": "wokwi-neopixel",
      "id": "rgb13",
      "top": 60.76,
      "left": 20.58,
      "rotate": 270,
      "attrs": {}
    },
    {
      "type": "wokwi-neopixel",
      "id": "rgb14",
      "top": 87.65,
      "left": 20.58,
      "rotate": 270,
      "attrs": {}
    },
    {
      "type": "wokwi-neopixel",
      "id": "rgb15",
      "top": 115.3,
      "left": 20.57,
      "rotate": 270,
      "attrs": {}
    },
    {
      "type": "wokwi-neopixel",
      "id": "rgb16",
      "top": 133.64,
      "left": 40.37,
      "rotate": 180,
      "attrs": {}
    },
    {
      "type": "wokwi-neopixel",
      "id": "rgb17",
      "top": 132.89,
      "left": 69.51,
      "rotate": 180,
      "attrs": {}
    },
    {
      "type": "wokwi-neopixel",
      "id": "rgb18",
      "top": 132.14,
      "left": 99.38,
      "rotate": 180,
      "attrs": {}
    },
    {
      "type": "wokwi-neopixel",
      "id": "rgb19",
      "top": 110.47,
      "left": 116.76,
      "rotate": 90,
      "attrs": {}
    },
    {
      "type": "wokwi-neopixel",
      "id": "rgb20",
      "top": 83.58,
      "left": 116.01,
      "rotate": 90,
      "attrs": {}
    },
    {
      "type": "wokwi-neopixel",
      "id": "rgb21",
      "top": 54.44,
      "left": 116.76,
      "rotate": 90,
      "attrs": {}
    },
    {
      "type": "wokwi-neopixel",
      "id": "rgb22",
      "top": 29.05,
      "left": 178.81,
      "rotate": 180,
      "attrs": {}
    },
    {
      "type": "wokwi-neopixel",
      "id": "rgb23",
      "top": 29.05,
      "left": 209.1,
      "rotate": 180,
      "attrs": {}
    },
    {
      "type": "wokwi-neopixel",
      "id": "rgb24",
      "top": 28.3,
      "left": 238.71,
      "rotate": 180,
      "attrs": {}
    },
    {
      "type": "wokwi-neopixel",
      "id": "rgb25",
      "top": 5.13,
      "left": 257.44,
      "rotate": 90,
      "attrs": {}
    },
    {
      "type": "wokwi-neopixel",
      "id": "rgb26",
      "top": -25.93,
      "left": 257.71,
      "rotate": 90,
      "attrs": {}
    },
    {
      "type": "wokwi-neopixel",
      "id": "rgb27",
      "top": -57.27,
      "left": 257.71,
      "rotate": 90,
      "attrs": {}
    },
    { "type": "wokwi-neopixel", "id": "rgb28", "top": -78.08, "left": 237.57, "attrs": {} },
    { "type": "wokwi-neopixel", "id": "rgb29", "top": -77.86, "left": 210.08, "attrs": {} },
    { "type": "wokwi-neopixel", "id": "rgb30", "top": -78.61, "left": 182.77, "attrs": {} },
    {
      "type": "wokwi-neopixel",
      "id": "rgb31",
      "top": -54.28,
      "left": 162,
      "rotate": 270,
      "attrs": {}
    },
    {
      "type": "wokwi-neopixel",
      "id": "rgb32",
      "top": -23.77,
      "left": 161.15,
      "rotate": 270,
      "attrs": {}
    },
    {
      "type": "wokwi-neopixel",
      "id": "rgb33",
      "top": 8.35,
      "left": 161.9,
      "rotate": 270,
      "attrs": {}
    },
    {
      "type": "wokwi-neopixel",
      "id": "rgb34",
      "top": 57.65,
      "left": 161.15,
      "rotate": 270,
      "attrs": {}
    },
    {
      "type": "wokwi-neopixel",
      "id": "rgb35",
      "top": 84.54,
      "left": 161.15,
      "rotate": 270,
      "attrs": {}
    },
    {
      "type": "wokwi-neopixel",
      "id": "rgb36",
      "top": 112.19,
      "left": 161.14,
      "rotate": 270,
      "attrs": {}
    },
    {
      "type": "wokwi-neopixel",
      "id": "rgb37",
      "top": 130.53,
      "left": 180.94,
      "rotate": 180,
      "attrs": {}
    },
    {
      "type": "wokwi-neopixel",
      "id": "rgb38",
      "top": 129.78,
      "left": 210.08,
      "rotate": 180,
      "attrs": {}
    },
    {
      "type": "wokwi-neopixel",
      "id": "rgb39",
      "top": 129.03,
      "left": 239.95,
      "rotate": 180,
      "attrs": {}
    },
    {
      "type": "wokwi-neopixel",
      "id": "rgb40",
      "top": 107.36,
      "left": 257.33,
      "rotate": 90,
      "attrs": {}
    },
    {
      "type": "wokwi-neopixel",
      "id": "rgb41",
      "top": 80.47,
      "left": 256.58,
      "rotate": 90,
      "attrs": {}
    },
    {
      "type": "wokwi-neopixel",
      "id": "rgb42",
      "top": 51.91,
      "left": 257.33,
      "rotate": 90,
      "attrs": {}
    },
    {
      "type": "wokwi-neopixel",
      "id": "rgb43",
      "top": 5.66,
      "left": 311.41,
      "rotate": 270,
      "attrs": {}
    },
    {
      "type": "wokwi-neopixel",
      "id": "rgb44",
      "top": 54.96,
      "left": 310.66,
      "rotate": 270,
      "attrs": {}
    },
    {
      "type": "wokwi-neopixel",
      "id": "rgb45",
      "top": 24.74,
      "left": 377.77,
      "rotate": 180,
      "attrs": {}
    },
    {
      "type": "wokwi-neopixel",
      "id": "rgb46",
      "top": 24.74,
      "left": 408.06,
      "rotate": 180,
      "attrs": {}
    },
    {
      "type": "wokwi-neopixel",
      "id": "rgb47",
      "top": 23.99,
      "left": 437.67,
      "rotate": 180,
      "attrs": {}
    },
    {
      "type": "wokwi-neopixel",
      "id": "rgb48",
      "top": 0.82,
      "left": 456.4,
      "rotate": 90,
      "attrs": {}
    },
    {
      "type": "wokwi-neopixel",
      "id": "rgb49",
      "top": -30.24,
      "left": 456.67,
      "rotate": 90,
      "attrs": {}
    },
    {
      "type": "wokwi-neopixel",
      "id": "rgb50",
      "top": -61.58,
      "left": 456.67,
      "rotate": 90,
      "attrs": {}
    },
    { "type": "wokwi-neopixel", "id": "rgb51", "top": -82.39, "left": 436.53, "attrs": {} },
    { "type": "wokwi-neopixel", "id": "rgb52", "top": -82.17, "left": 409.04, "attrs": {} },
    { "type": "wokwi-neopixel", "id": "rgb53", "top": -82.92, "left": 381.73, "attrs": {} },
    {
      "type": "wokwi-neopixel",
      "id": "rgb54",
      "top": -58.59,
      "left": 360.96,
      "rotate": 270,
      "attrs": {}
    },
    {
      "type": "wokwi-neopixel",
      "id": "rgb55",
      "top": -28.08,
      "left": 360.11,
      "rotate": 270,
      "attrs": {}
    },
    {
      "type": "wokwi-neopixel",
      "id": "rgb56",
      "top": 4.04,
      "left": 360.86,
      "rotate": 270,
      "attrs": {}
    },
    {
      "type": "wokwi-neopixel",
      "id": "rgb57",
      "top": 53.34,
      "left": 360.11,
      "rotate": 270,
      "attrs": {}
    },
    {
      "type": "wokwi-neopixel",
      "id": "rgb58",
      "top": 80.23,
      "left": 360.11,
      "rotate": 270,
      "attrs": {}
    },
    {
      "type": "wokwi-neopixel",
      "id": "rgb59",
      "top": 107.88,
      "left": 360.1,
      "rotate": 270,
      "attrs": {}
    },
    {
      "type": "wokwi-neopixel",
      "id": "rgb60",
      "top": 126.22,
      "left": 379.9,
      "rotate": 180,
      "attrs": {}
    },
    {
      "type": "wokwi-neopixel",
      "id": "rgb61",
      "top": 125.47,
      "left": 409.04,
      "rotate": 180,
      "attrs": {}
    },
    {
      "type": "wokwi-neopixel",
      "id": "rgb62",
      "top": 124.72,
      "left": 438.91,
      "rotate": 180,
      "attrs": {}
    },
    {
      "type": "wokwi-neopixel",
      "id": "rgb63",
      "top": 103.05,
      "left": 456.29,
      "rotate": 90,
      "attrs": {}
    },
    {
      "type": "wokwi-neopixel",
      "id": "rgb64",
      "top": 76.16,
      "left": 455.54,
      "rotate": 90,
      "attrs": {}
    },
    {
      "type": "wokwi-neopixel",
      "id": "rgb65",
      "top": 47.02,
      "left": 456.29,
      "rotate": 90,
      "attrs": {}
    },
    {
      "type": "wokwi-neopixel",
      "id": "rgb66",
      "top": 21.63,
      "left": 518.34,
      "rotate": 180,
      "attrs": {}
    },
    {
      "type": "wokwi-neopixel",
      "id": "rgb67",
      "top": 21.63,
      "left": 548.63,
      "rotate": 180,
      "attrs": {}
    },
    {
      "type": "wokwi-neopixel",
      "id": "rgb68",
      "top": 20.88,
      "left": 578.24,
      "rotate": 180,
      "attrs": {}
    },
    {
      "type": "wokwi-neopixel",
      "id": "rgb69",
      "top": -2.29,
      "left": 596.97,
      "rotate": 90,
      "attrs": {}
    },
    {
      "type": "wokwi-neopixel",
      "id": "rgb70",
      "top": -33.35,
      "left": 597.24,
      "rotate": 90,
      "attrs": {}
    },
    {
      "type": "wokwi-neopixel",
      "id": "rgb71",
      "top": -64.69,
      "left": 597.24,
      "rotate": 90,
      "attrs": {}
    },
    { "type": "wokwi-neopixel", "id": "rgb72", "top": -85.5, "left": 577.1, "attrs": {} },
    { "type": "wokwi-neopixel", "id": "rgb73", "top": -85.28, "left": 549.61, "attrs": {} },
    { "type": "wokwi-neopixel", "id": "rgb74", "top": -86.03, "left": 522.3, "attrs": {} },
    {
      "type": "wokwi-neopixel",
      "id": "rgb75",
      "top": -61.7,
      "left": 501.53,
      "rotate": 270,
      "attrs": {}
    },
    {
      "type": "wokwi-neopixel",
      "id": "rgb76",
      "top": -31.19,
      "left": 500.68,
      "rotate": 270,
      "attrs": {}
    },
    {
      "type": "wokwi-neopixel",
      "id": "rgb77",
      "top": 0.93,
      "left": 501.43,
      "rotate": 270,
      "attrs": {}
    },
    {
      "type": "wokwi-neopixel",
      "id": "rgb78",
      "top": 50.23,
      "left": 500.68,
      "rotate": 270,
      "attrs": {}
    },
    {
      "type": "wokwi-neopixel",
      "id": "rgb79",
      "top": 77.12,
      "left": 500.68,
      "rotate": 270,
      "attrs": {}
    },
    {
      "type": "wokwi-neopixel",
      "id": "rgb80",
      "top": 104.77,
      "left": 500.67,
      "rotate": 270,
      "attrs": {}
    },
    {
      "type": "wokwi-neopixel",
      "id": "rgb81",
      "top": 123.11,
      "left": 520.47,
      "rotate": 180,
      "attrs": {}
    },
    {
      "type": "wokwi-neopixel",
      "id": "rgb82",
      "top": 122.36,
      "left": 549.61,
      "rotate": 180,
      "attrs": {}
    },
    {
      "type": "wokwi-neopixel",
      "id": "rgb83",
      "top": 121.61,
      "left": 579.48,
      "rotate": 180,
      "attrs": {}
    },
    {
      "type": "wokwi-neopixel",
      "id": "rgb84",
      "top": 99.94,
      "left": 596.86,
      "rotate": 90,
      "attrs": {}
    },
    {
      "type": "wokwi-neopixel",
      "id": "rgb85",
      "top": 73.05,
      "left": 596.11,
      "rotate": 90,
      "attrs": {}
    },
    {
      "type": "wokwi-neopixel",
      "id": "rgb86",
      "top": 43.91,
      "left": 596.86,
      "rotate": 90,
      "attrs": {}
    },
    {
      "type": "wokwi-resistor",
      "id": "r1",
      "top": 48.66,
      "left": -129.81,
      "attrs": { "value": "330" }
    },
    { "type": "wokwi-ir-receiver", "id": "ir1", "top": -93.92, "left": -374.11, "attrs": {} },
    { "type": "wokwi-ir-remote", "id": "remote1", "top": 364.8, "left": -65.06, "attrs": {} }
  ],
  "connections": [
    [ "esp:TX0", "$serialMonitor:RX", "", [] ],
    [ "esp:RX0", "$serialMonitor:TX", "", [] ],
    [ "rgb1:DOUT", "rgb2:DIN", "blue", [ "h0" ] ],
    [ "rgb2:DOUT", "rgb3:DIN", "blue", [ "h0" ] ],
    [ "rgb3:DOUT", "rgb4:DIN", "blue", [ "h0" ] ],
    [ "rgb4:DOUT", "rgb5:DIN", "blue", [ "v0" ] ],
    [ "rgb5:DOUT", "rgb6:DIN", "blue", [ "v0" ] ],
    [ "rgb6:DOUT", "rgb7:DIN", "blue", [ "v0" ] ],
    [ "rgb7:DOUT", "rgb8:DIN", "blue", [ "h0" ] ],
    [ "rgb8:DOUT", "rgb9:DIN", "blue", [ "h0" ] ],
    [ "rgb9:DOUT", "rgb10:DIN", "blue", [ "h0" ] ],
    [ "rgb10:DOUT", "rgb11:DIN", "blue", [ "v0" ] ],
    [ "rgb11:DOUT", "rgb12:DIN", "blue", [ "v0" ] ],
    [ "rgb12:DOUT", "rgb13:DIN", "blue", [ "v0" ] ],
    [ "rgb13:DOUT", "rgb14:DIN", "blue", [ "v0" ] ],
    [ "rgb14:DOUT", "rgb15:DIN", "blue", [ "v0" ] ],
    [ "rgb15:DOUT", "rgb16:DIN", "blue", [ "v0" ] ],
    [ "rgb16:DOUT", "rgb17:DIN", "blue", [ "h0" ] ],
    [ "rgb17:DOUT", "rgb18:DIN", "blue", [ "h0" ] ],
    [ "rgb18:DOUT", "rgb19:DIN", "blue", [ "h0" ] ],
    [ "rgb19:DOUT", "rgb20:DIN", "blue", [ "v0" ] ],
    [ "rgb20:DOUT", "rgb21:DIN", "blue", [ "v0" ] ],
    [ "rgb21:DOUT", "rgb22:DIN", "blue", [ "v0" ] ],
    [ "rgb22:DOUT", "rgb23:DIN", "blue", [ "h0" ] ],
    [ "rgb23:DOUT", "rgb24:DIN", "blue", [ "h0" ] ],
    [ "rgb24:DOUT", "rgb25:DIN", "blue", [ "h0" ] ],
    [ "rgb25:DOUT", "rgb26:DIN", "blue", [ "v0" ] ],
    [ "rgb26:DOUT", "rgb27:DIN", "blue", [ "v0" ] ],
    [ "rgb27:DOUT", "rgb28:DIN", "blue", [ "v0" ] ],
    [ "rgb28:DOUT", "rgb29:DIN", "blue", [ "h0" ] ],
    [ "rgb29:DOUT", "rgb30:DIN", "blue", [ "h0" ] ],
    [ "rgb30:DOUT", "rgb31:DIN", "blue", [ "h0" ] ],
    [ "rgb31:DOUT", "rgb32:DIN", "blue", [ "v0" ] ],
    [ "rgb32:DOUT", "rgb33:DIN", "blue", [ "v0" ] ],
    [ "rgb33:DOUT", "rgb34:DIN", "blue", [ "v0" ] ],
    [ "rgb34:DOUT", "rgb35:DIN", "blue", [ "v0" ] ],
    [ "rgb35:DOUT", "rgb36:DIN", "blue", [ "v0" ] ],
    [ "rgb36:DOUT", "rgb37:DIN", "blue", [ "v0" ] ],
    [ "rgb37:DOUT", "rgb38:DIN", "blue", [ "h0" ] ],
    [ "rgb38:DOUT", "rgb39:DIN", "blue", [ "h0" ] ],
    [ "rgb39:DOUT", "rgb40:DIN", "blue", [ "h0" ] ],
    [ "rgb40:DOUT", "rgb41:DIN", "blue", [ "v0" ] ],
    [ "rgb41:DOUT", "rgb42:DIN", "blue", [ "v0" ] ],
    [ "rgb42:DOUT", "rgb43:DIN", "blue", [ "v-10.04", "h34.45", "v-39.54" ] ],
    [ "rgb43:DOUT", "rgb44:DIN", "blue", [ "v0" ] ],
    [ "rgb44:DOUT", "rgb45:DIN", "blue", [ "v-0.32", "h17.26", "v-30.55" ] ],
    [ "rgb45:DOUT", "rgb46:DIN", "blue", [ "h0" ] ],
    [ "rgb46:DOUT", "rgb47:DIN", "blue", [ "h0" ] ],
    [ "rgb47:DOUT", "rgb48:DIN", "blue", [ "h0" ] ],
    [ "rgb48:DOUT", "rgb49:DIN", "blue", [ "v0" ] ],
    [ "rgb49:DOUT", "rgb50:DIN", "blue", [ "v0" ] ],
    [ "rgb50:DOUT", "rgb51:DIN", "blue", [ "v0" ] ],
    [ "rgb51:DOUT", "rgb52:DIN", "blue", [ "h0" ] ],
    [ "rgb52:DOUT", "rgb53:DIN", "blue", [ "h0" ] ],
    [ "rgb53:DOUT", "rgb54:DIN", "blue", [ "h0" ] ],
    [ "rgb54:DOUT", "rgb55:DIN", "blue", [ "v0" ] ],
    [ "rgb55:DOUT", "rgb56:DIN", "blue", [ "v0" ] ],
    [ "rgb56:DOUT", "rgb57:DIN", "blue", [ "v0" ] ],
    [ "rgb57:DOUT", "rgb58:DIN", "blue", [ "v0" ] ],
    [ "rgb58:DOUT", "rgb59:DIN", "blue", [ "v0" ] ],
    [ "rgb59:DOUT", "rgb60:DIN", "blue", [ "v0" ] ],
    [ "rgb60:DOUT", "rgb61:DIN", "blue", [ "h0" ] ],
    [ "rgb61:DOUT", "rgb62:DIN", "blue", [ "h0" ] ],
    [ "rgb62:DOUT", "rgb63:DIN", "blue", [ "h0" ] ],
    [ "rgb63:DOUT", "rgb64:DIN", "blue", [ "v0" ] ],
    [ "rgb64:DOUT", "rgb65:DIN", "blue", [ "v0" ] ],
    [ "rgb65:DOUT", "rgb66:DIN", "blue", [ "v0" ] ],
    [ "rgb66:DOUT", "rgb67:DIN", "blue", [ "h0" ] ],
    [ "rgb67:DOUT", "rgb68:DIN", "blue", [ "h0" ] ],
    [ "rgb68:DOUT", "rgb69:DIN", "blue", [ "h0" ] ],
    [ "rgb69:DOUT", "rgb70:DIN", "blue", [ "v0" ] ],
    [ "rgb70:DOUT", "rgb71:DIN", "blue", [ "v0" ] ],
    [ "rgb71:DOUT", "rgb72:DIN", "blue", [ "v0" ] ],
    [ "rgb72:DOUT", "rgb73:DIN", "blue", [ "h0" ] ],
    [ "rgb73:DOUT", "rgb74:DIN", "blue", [ "h0" ] ],
    [ "rgb74:DOUT", "rgb75:DIN", "blue", [ "h0" ] ],
    [ "rgb75:DOUT", "rgb76:DIN", "blue", [ "v0" ] ],
    [ "rgb76:DOUT", "rgb77:DIN", "blue", [ "v0" ] ],
    [ "rgb77:DOUT", "rgb78:DIN", "blue", [ "v0" ] ],
    [ "rgb78:DOUT", "rgb79:DIN", "blue", [ "v0" ] ],
    [ "rgb79:DOUT", "rgb80:DIN", "blue", [ "v0" ] ],
    [ "rgb80:DOUT", "rgb81:DIN", "blue", [ "v0" ] ],
    [ "rgb81:DOUT", "rgb82:DIN", "blue", [ "h0" ] ],
    [ "rgb82:DOUT", "rgb83:DIN", "blue", [ "h0" ] ],
    [ "rgb83:DOUT", "rgb84:DIN", "blue", [ "h0" ] ],
    [ "rgb84:DOUT", "rgb85:DIN", "blue", [ "v0" ] ],
    [ "rgb85:DOUT", "rgb86:DIN", "blue", [ "v0" ] ],
    [ "esp:D5", "r1:1", "blue", [ "h0" ] ],
    [ "r1:2", "rgb1:DIN", "blue", [ "v0" ] ],
    [ "rgb1:VSS", "esp:GND.1", "black", [ "v-0.67", "h-86.31", "v58.42" ] ],
    [ "rgb1:VDD", "rgb2:VDD", "red", [ "h0" ] ],
    [ "rgb2:VSS", "rgb1:VSS", "black", [ "v0" ] ],
    [ "rgb2:VDD", "rgb3:VDD", "red", [ "h0" ] ],
    [ "rgb3:VSS", "rgb2:VSS", "black", [ "v0" ] ],
    [ "rgb3:VDD", "rgb4:VDD", "red", [ "h0" ] ],
    [ "rgb4:VSS", "rgb3:VSS", "black", [ "h0" ] ],
    [ "rgb5:VDD", "rgb4:VDD", "red", [ "v0" ] ],
    [ "rgb5:VSS", "rgb4:VSS", "black", [ "h0" ] ],
    [ "rgb6:VDD", "rgb5:VDD", "red", [ "v0" ] ],
    [ "rgb6:VSS", "rgb5:VSS", "black", [ "h0" ] ],
    [ "rgb7:VSS", "rgb6:VSS", "black", [ "v0" ] ],
    [ "rgb7:VDD", "rgb6:VDD", "red", [ "h0" ] ],
    [ "rgb8:VDD", "rgb7:VDD", "red", [ "h0" ] ],
    [ "rgb8:VSS", "rgb7:VSS", "black", [ "v0" ] ],
    [ "rgb9:VDD", "rgb8:VDD", "red", [ "h0" ] ],
    [ "rgb9:VSS", "rgb8:VSS", "black", [ "v0" ] ],
    [ "rgb10:VSS", "rgb9:VSS", "black", [ "h0" ] ],
    [ "rgb10:VDD", "rgb9:VDD", "red", [ "v0" ] ],
    [ "rgb11:VDD", "rgb10:VDD", "red", [ "v0" ] ],
    [ "rgb11:VSS", "rgb10:VSS", "black", [ "h0" ] ],
    [ "rgb12:VDD", "rgb11:VDD", "red", [ "v0" ] ],
    [ "rgb12:VSS", "rgb11:VSS", "black", [ "h0" ] ],
    [ "rgb13:VSS", "rgb12:VSS", "black", [ "h0" ] ],
    [ "rgb13:VDD", "rgb12:VDD", "red", [ "v0" ] ],
    [ "rgb14:VDD", "rgb13:VDD", "red", [ "v0" ] ],
    [ "rgb14:VSS", "rgb13:VSS", "black", [ "h0" ] ],
    [ "rgb15:VSS", "rgb14:VSS", "black", [ "h0" ] ],
    [ "rgb15:VDD", "rgb14:VDD", "red", [ "v0" ] ],
    [ "rgb16:VSS", "rgb15:VSS", "black", [ "v0" ] ],
    [ "rgb16:VDD", "rgb15:VDD", "red", [ "h0" ] ],
    [ "rgb17:VDD", "rgb16:VDD", "black", [ "h0" ] ],
    [ "rgb17:VSS", "rgb16:VSS", "black", [ "v0" ] ],
    [ "rgb18:VDD", "rgb17:VDD", "red", [ "h0" ] ],
    [ "rgb18:VSS", "rgb17:VSS", "black", [ "v0" ] ],
    [ "rgb19:VSS", "rgb18:VSS", "black", [ "h0" ] ],
    [ "rgb19:VDD", "rgb18:VDD", "red", [ "v0" ] ],
    [ "rgb20:VDD", "rgb19:VDD", "red", [ "v0" ] ],
    [ "rgb20:VSS", "rgb19:VSS", "black", [ "h0" ] ],
    [ "rgb21:VDD", "rgb20:VDD", "red", [ "v0" ] ],
    [ "rgb21:VSS", "rgb20:VSS", "black", [ "h0" ] ],
    [ "rgb22:VSS", "rgb21:VSS", "black", [ "v2.19", "h-30.91" ] ],
    [ "rgb22:VDD", "rgb21:VDD", "red", [ "h0" ] ],
    [ "rgb23:VDD", "rgb22:VDD", "red", [ "h0" ] ],
    [ "rgb24:VDD", "rgb23:VDD", "red", [ "h0" ] ],
    [ "rgb24:VSS", "rgb23:VSS", "black", [ "v0" ] ],
    [ "rgb23:VSS", "rgb22:VSS", "black", [ "v0" ] ],
    [ "rgb24:VDD", "rgb25:VDD", "red", [ "h0" ] ],
    [ "rgb25:VSS", "rgb24:VSS", "black", [ "h0" ] ],
    [ "rgb26:VSS", "rgb25:VSS", "black", [ "h0" ] ],
    [ "rgb26:VDD", "rgb25:VDD", "red", [ "v0" ] ],
    [ "rgb27:VDD", "rgb26:VDD", "red", [ "v0" ] ],
    [ "rgb27:VSS", "rgb26:VSS", "black", [ "h0" ] ],
    [ "rgb28:VSS", "rgb27:VSS", "black", [ "v0" ] ],
    [ "rgb28:VDD", "rgb27:VDD", "red", [ "h0" ] ],
    [ "rgb29:VDD", "rgb28:VDD", "red", [ "h0" ] ],
    [ "rgb29:VSS", "rgb28:VSS", "black", [ "v0" ] ],
    [ "rgb30:VDD", "rgb29:VDD", "red", [ "h0" ] ],
    [ "rgb30:VSS", "rgb29:VSS", "black", [ "v0" ] ],
    [ "rgb31:VSS", "rgb30:VSS", "black", [ "h0" ] ],
    [ "rgb31:VDD", "rgb30:VDD", "red", [ "v0" ] ],
    [ "rgb31:VSS", "rgb32:VSS", "black", [ "h0" ] ],
    [ "rgb32:VDD", "rgb31:VDD", "red", [ "v0" ] ],
    [ "rgb33:VDD", "rgb32:VDD", "red", [ "v0" ] ],
    [ "rgb33:VSS", "rgb32:VSS", "black", [ "h0" ] ],
    [ "rgb34:VDD", "rgb33:VDD", "red", [ "v0" ] ],
    [ "rgb34:VSS", "rgb33:VSS", "black", [ "h0" ] ],
    [ "rgb35:VDD", "rgb34:VDD", "red", [ "v0" ] ],
    [ "rgb35:VSS", "rgb34:VSS", "black", [ "h0" ] ],
    [ "rgb36:VDD", "rgb35:VDD", "red", [ "v0" ] ],
    [ "rgb36:VSS", "rgb35:VSS", "black", [ "h0" ] ],
    [ "rgb37:VDD", "rgb36:VDD", "red", [ "h0" ] ],
    [ "rgb37:VSS", "rgb36:VSS", "black", [ "v0" ] ],
    [ "rgb38:VDD", "rgb37:VDD", "red", [ "h0" ] ],
    [ "rgb38:VSS", "rgb37:VSS", "black", [ "v0" ] ],
    [ "rgb39:VDD", "rgb38:VDD", "red", [ "h0" ] ],
    [ "rgb39:VSS", "rgb38:VSS", "black", [ "v0" ] ],
    [ "rgb40:VSS", "rgb39:VSS", "black", [ "h0" ] ],
    [ "rgb40:VDD", "rgb39:VDD", "red", [ "v0" ] ],
    [ "rgb41:VDD", "rgb40:VDD", "red", [ "v0" ] ],
    [ "rgb41:VSS", "rgb40:VSS", "black", [ "h0" ] ],
    [ "rgb42:VDD", "rgb41:VDD", "red", [ "v0" ] ],
    [ "rgb42:VSS", "rgb41:VSS", "black", [ "h0" ] ],
    [ "rgb43:VDD", "rgb42:VDD", "red", [ "v0" ] ],
    [ "rgb43:VSS", "rgb42:VSS", "black", [ "v-4.33", "h-52.43", "v71.58" ] ],
    [ "rgb44:VSS", "rgb43:VSS", "black", [ "h0" ] ],
    [ "rgb44:VDD", "rgb43:VDD", "red", [ "v0" ] ],
    [ "rgb45:VSS", "rgb44:VSS", "black", [ "v0" ] ],
    [ "rgb45:VDD", "rgb44:VDD", "red", [ "h-80.32", "v30.72" ] ],
    [ "rgb46:VDD", "rgb45:VDD", "red", [ "h0" ] ],
    [ "rgb46:VSS", "rgb45:VSS", "black", [ "v0" ] ],
    [ "rgb47:VDD", "rgb46:VDD", "red", [ "h0" ] ],
    [ "rgb47:VSS", "rgb46:VSS", "black", [ "v0" ] ],
    [ "rgb48:VSS", "rgb47:VSS", "black", [ "h0" ] ],
    [ "rgb48:VDD", "rgb47:VDD", "red", [ "v0" ] ],
    [ "rgb49:VDD", "rgb48:VDD", "red", [ "v0" ] ],
    [ "rgb49:VSS", "rgb48:VSS", "black", [ "h0" ] ],
    [ "rgb50:VDD", "rgb49:VDD", "red", [ "v0" ] ],
    [ "rgb50:VSS", "rgb49:VSS", "black", [ "h0" ] ],
    [ "rgb51:VDD", "rgb50:VDD", "red", [ "h0" ] ],
    [ "rgb51:VSS", "rgb50:VSS", "black", [ "v0" ] ],
    [ "rgb52:VDD", "rgb51:VDD", "red", [ "h0" ] ],
    [ "rgb52:VSS", "rgb51:VSS", "black", [ "v0" ] ],
    [ "rgb53:VDD", "rgb52:VDD", "red", [ "h0" ] ],
    [ "rgb53:VSS", "rgb52:VSS", "black", [ "v0" ] ],
    [ "rgb54:VSS", "rgb53:VSS", "black", [ "h0" ] ],
    [ "rgb54:VDD", "rgb53:VDD", "red", [ "v0" ] ],
    [ "rgb55:VDD", "rgb54:VDD", "red", [ "v0" ] ],
    [ "rgb55:VSS", "rgb54:VSS", "black", [ "h0" ] ],
    [ "rgb56:VDD", "rgb55:VDD", "red", [ "v0" ] ],
    [ "rgb56:VSS", "rgb55:VSS", "black", [ "h0" ] ],
    [ "rgb57:VSS", "rgb56:VSS", "black", [ "h0" ] ],
    [ "rgb57:VDD", "rgb56:VDD", "red", [ "v0" ] ],
    [ "rgb58:VSS", "rgb57:VSS", "black", [ "h0" ] ],
    [ "rgb58:VDD", "rgb57:VDD", "red", [ "v0" ] ],
    [ "rgb59:VSS", "rgb58:VSS", "black", [ "h0" ] ],
    [ "rgb59:VDD", "rgb58:VDD", "red", [ "v0" ] ],
    [ "rgb60:VDD", "rgb59:VDD", "red", [ "h0" ] ],
    [ "rgb60:VSS", "rgb59:VSS", "black", [ "v0" ] ],
    [ "rgb61:VDD", "rgb60:VDD", "red", [ "h0" ] ],
    [ "rgb61:VSS", "rgb60:VSS", "black", [ "v0" ] ],
    [ "rgb62:VDD", "rgb61:VDD", "red", [ "h0" ] ],
    [ "rgb62:VSS", "rgb61:VSS", "black", [ "v0" ] ],
    [ "rgb63:VDD", "rgb62:VDD", "red", [ "v0" ] ],
    [ "rgb63:VSS", "rgb62:VSS", "black", [ "h0" ] ],
    [ "rgb64:VDD", "rgb63:VDD", "red", [ "v0" ] ],
    [ "rgb64:VSS", "rgb63:VSS", "black", [ "h0" ] ],
    [ "rgb65:VDD", "rgb64:VDD", "red", [ "v0" ] ],
    [ "rgb65:VSS", "rgb64:VSS", "black", [ "h0" ] ],
    [ "rgb66:VSS", "rgb65:VSS", "black", [ "v1.49", "h-32.72" ] ],
    [ "rgb66:VDD", "rgb65:VDD", "red", [ "h0" ] ],
    [ "rgb67:VDD", "rgb66:VDD", "red", [ "h0" ] ],
    [ "rgb67:VSS", "rgb66:VSS", "black", [ "v0" ] ],
    [ "rgb68:VDD", "rgb67:VDD", "red", [ "h0" ] ],
    [ "rgb68:VSS", "rgb67:VSS", "black", [ "v0" ] ],
    [ "rgb69:VSS", "rgb68:VSS", "black", [ "h0" ] ],
    [ "rgb69:VDD", "rgb68:VDD", "red", [ "v0" ] ],
    [ "rgb70:VDD", "rgb69:VDD", "red", [ "v0" ] ],
    [ "rgb69:VSS", "rgb70:VSS", "black", [ "h0" ] ],
    [ "rgb71:VDD", "rgb70:VDD", "red", [ "v0" ] ],
    [ "rgb71:VSS", "rgb70:VSS", "black", [ "h0" ] ],
    [ "rgb72:VDD", "rgb71:VDD", "red", [ "h0" ] ],
    [ "rgb72:VSS", "rgb71:VSS", "black", [ "v0" ] ],
    [ "rgb73:VDD", "rgb72:VDD", "red", [ "h0" ] ],
    [ "rgb74:VDD", "rgb73:VDD", "red", [ "h0" ] ],
    [ "rgb74:VSS", "rgb73:VSS", "black", [ "v0" ] ],
    [ "rgb73:VSS", "rgb72:VSS", "black", [ "v0" ] ],
    [ "rgb75:VSS", "rgb74:VSS", "black", [ "h0" ] ],
    [ "rgb75:VDD", "rgb74:VDD", "red", [ "v0" ] ],
    [ "rgb76:VSS", "rgb75:VSS", "black", [ "h0" ] ],
    [ "rgb76:VDD", "rgb75:VDD", "red", [ "v0" ] ],
    [ "rgb77:VSS", "rgb76:VSS", "black", [ "h0" ] ],
    [ "rgb77:VDD", "rgb76:VDD", "red", [ "v0" ] ],
    [ "rgb78:VSS", "rgb77:VSS", "black", [ "h0" ] ],
    [ "rgb78:VDD", "rgb77:VDD", "red", [ "v0" ] ],
    [ "rgb79:VSS", "rgb78:VSS", "black", [ "h0" ] ],
    [ "rgb79:VDD", "rgb78:VDD", "red", [ "v0" ] ],
    [ "rgb80:VSS", "rgb79:VSS", "black", [ "h0" ] ],
    [ "rgb80:VDD", "rgb79:VDD", "red", [ "v0" ] ],
    [ "rgb81:VSS", "rgb80:VSS", "black", [ "v0" ] ],
    [ "rgb81:VDD", "rgb80:VDD", "red", [ "h0" ] ],
    [ "rgb82:VDD", "rgb81:VDD", "red", [ "h0" ] ],
    [ "rgb82:VSS", "rgb81:VSS", "black", [ "v0" ] ],
    [ "rgb83:VDD", "rgb82:VDD", "red", [ "h0" ] ],
    [ "rgb83:VSS", "rgb82:VSS", "black", [ "v0" ] ],
    [ "rgb84:VSS", "rgb83:VSS", "black", [ "h0" ] ],
    [ "rgb84:VDD", "rgb83:VDD", "red", [ "v0" ] ],
    [ "rgb85:VDD", "rgb84:VDD", "red", [ "v0" ] ],
    [ "rgb85:VSS", "rgb84:VSS", "black", [ "h0" ] ],
    [ "rgb86:VSS", "rgb85:VSS", "black", [ "h0" ] ],
    [ "rgb86:VDD", "rgb85:VDD", "red", [ "v0" ] ],
    [ "esp:3V3", "rgb1:VDD", "red", [ "v-0.21", "h161.76", "v-24.98", "h59.58" ] ],
    [ "esp:VIN", "ir1:VCC", "red", [ "h0" ] ],
    [ "esp:GND.2", "ir1:GND", "black", [ "h0" ] ],
    [ "ir1:DAT", "esp:D18", "gold", [ "v11.6", "h57.24", "v-75.74", "h124.39", "v89.9" ] ]
  ],
  "dependencies": {}
}